{
  "id": "4022052",
  "name": "cesium",
  "font_family": "iconfont",
  "css_prefix_text": "icon-",
  "description": "",
  "glyphs": [
    {
      "icon_id": "14625268",
      "name": "监控(离线)",
      "font_class": "jiankonglixian",
      "unicode": "e713",
      "unicode_decimal": 59155
    },
    {
      "icon_id": "14694804",
      "name": "sutpc-监控-离线 ",
      "font_class": "sutpc-jiankong-lixian",
      "unicode": "e651",
      "unicode_decimal": 58961
    },
    {
      "icon_id": "20632429",
      "name": "sutpc-监控-离线 ",
      "font_class": "sutpc-jiankong-lixian1",
      "unicode": "e604",
      "unicode_decimal": 58884
    },
    {
      "icon_id": "23785668",
      "name": "监控离线",
      "font_class": "jiankonglixian1",
      "unicode": "e631",
      "unicode_decimal": 58929
    },
    {
      "icon_id": "33428558",
      "name": "监控-在线",
      "font_class": "jiankong-zaixian",
      "unicode": "e632",
      "unicode_decimal": 58930
    },
    {
      "icon_id": "1104628",
      "name": "设备类_球机gis",
      "font_class": "shebeileiqiujigis",
      "unicode": "ea18",
      "unicode_decimal": 59928
    },
    {
      "icon_id": "9921742",
      "name": "icon-GIS_人员监控",
      "font_class": "icon-GIS_renyuanjiankong",
      "unicode": "e603",
      "unicode_decimal": 58883
    },
    {
      "icon_id": "9924048",
      "name": "icon-GIS_图层",
      "font_class": "icon-GIS_tuceng",
      "unicode": "e607",
      "unicode_decimal": 58887
    },
    {
      "icon_id": "11522918",
      "name": "泛光",
      "font_class": "fanguang",
      "unicode": "e64a",
      "unicode_decimal": 58954
    },
    {
      "icon_id": "11617079",
      "name": "卷帘",
      "font_class": "juanlian",
      "unicode": "e6ab",
      "unicode_decimal": 59051
    },
    {
      "icon_id": "12750674",
      "name": "面光源",
      "font_class": "mianguangyuan",
      "unicode": "e610",
      "unicode_decimal": 58896
    },
    {
      "icon_id": "16104850",
      "name": "三维可视化",
      "font_class": "sanweikeshihua",
      "unicode": "e6d2",
      "unicode_decimal": 59090
    },
    {
      "icon_id": "17581468",
      "name": "模型压平",
      "font_class": "moxingyaping",
      "unicode": "ec48",
      "unicode_decimal": 60488
    },
    {
      "icon_id": "19146709",
      "name": "点光源-01",
      "font_class": "dianguangyuan-01",
      "unicode": "e66a",
      "unicode_decimal": 58986
    },
    {
      "icon_id": "19288318",
      "name": "bimgis_显示",
      "font_class": "bimgis_xianshi",
      "unicode": "e6f4",
      "unicode_decimal": 59124
    },
    {
      "icon_id": "19288323",
      "name": "bimgis_截面分析",
      "font_class": "bimgis_jiemianfenxi",
      "unicode": "e6f5",
      "unicode_decimal": 59125
    },
    {
      "icon_id": "19291469",
      "name": "bimgis_隐藏",
      "font_class": "bimgis_yincang",
      "unicode": "e6f7",
      "unicode_decimal": 59127
    },
    {
      "icon_id": "20380339",
      "name": "36.光源高度",
      "font_class": "36guangyuangaodu",
      "unicode": "e608",
      "unicode_decimal": 58888
    },
    {
      "icon_id": "20405403",
      "name": "模型分析",
      "font_class": "moxingfenxi",
      "unicode": "e67e",
      "unicode_decimal": 59006
    },
    {
      "icon_id": "21100995",
      "name": "首页-模型分析",
      "font_class": "shouye-moxingfenxi",
      "unicode": "e6e4",
      "unicode_decimal": 59108
    },
    {
      "icon_id": "26282990",
      "name": "可视域分析",
      "font_class": "keshiyufenxi",
      "unicode": "e605",
      "unicode_decimal": 58885
    },
    {
      "icon_id": "26735987",
      "name": "3D测量工具",
      "font_class": "a-3Dcelianggongju",
      "unicode": "e8e9",
      "unicode_decimal": 59625
    },
    {
      "icon_id": "29688802",
      "name": "监控视频",
      "font_class": "jiankongshipin",
      "unicode": "e639",
      "unicode_decimal": 58937
    },
    {
      "icon_id": "34351524",
      "name": "通视分析",
      "font_class": "tongshifenxi",
      "unicode": "e6ac",
      "unicode_decimal": 59052
    },
    {
      "icon_id": "10555190",
      "name": "关闭",
      "font_class": "guanbi",
      "unicode": "e64b",
      "unicode_decimal": 58955
    },
    {
      "icon_id": "4777232",
      "name": "全屏",
      "font_class": "quanping",
      "unicode": "ec13",
      "unicode_decimal": 60435
    },
    {
      "icon_id": "4922627",
      "name": "导出图片",
      "font_class": "export-img",
      "unicode": "e678",
      "unicode_decimal": 59000
    },
    {
      "icon_id": "5732759",
      "name": "定位",
      "font_class": "dingwei",
      "unicode": "ec32",
      "unicode_decimal": 60466
    },
    {
      "icon_id": "6866628",
      "name": "用户管理",
      "font_class": "yonghuguanli",
      "unicode": "e600",
      "unicode_decimal": 58880
    },
    {
      "icon_id": "6876147",
      "name": "面积测量",
      "font_class": "mianjiceliang",
      "unicode": "e77c",
      "unicode_decimal": 59260
    },
    {
      "icon_id": "9477961",
      "name": "长度测量",
      "font_class": "changduceliang",
      "unicode": "e606",
      "unicode_decimal": 58886
    },
    {
      "icon_id": "12372002",
      "name": "漫游",
      "font_class": "manyou",
      "unicode": "e601",
      "unicode_decimal": 58881
    },
    {
      "icon_id": "12571366",
      "name": "坡度测量",
      "font_class": "poduceliang",
      "unicode": "e72d",
      "unicode_decimal": 59181
    },
    {
      "icon_id": "18171091",
      "name": "地图尺子,测量,测距,距离",
      "font_class": "map-ruler",
      "unicode": "ea07",
      "unicode_decimal": 59911
    },
    {
      "icon_id": "22434535",
      "name": "面积测量",
      "font_class": "mianjiceliang1",
      "unicode": "e60a",
      "unicode_decimal": 58890
    },
    {
      "icon_id": "23753698",
      "name": "ic-粒子图",
      "font_class": "iconic_lizitu",
      "unicode": "e602",
      "unicode_decimal": 58882
    },
    {
      "icon_id": "26005286",
      "name": "积水监测",
      "font_class": "jishuijiance",
      "unicode": "e613",
      "unicode_decimal": 58899
    }
  ]
}
